{
  "version": "0.2.0",
  "timestamp": "2025-07-20T00:49:43.405Z",
  "gitHash": "61f7a4843b48c09577291690bb30f901ed548b91",
  "planSchemaHash": "a24a194c90833f35",
  "publicTypes": {
    "src/index.ts:VERSION": "d4f0607bd9202c4f",
    "src/orchestrator/errors.ts:ConfigurationError": "4824147a48ad0a53",
    "src/orchestrator/errors.ts:DependencyError": "92db011713a79efb",
    "src/orchestrator/errors.ts:TransientError": "4a19b1cb4d1a0cc6",
    "src/orchestrator/errors.ts:InvariantError": "e86445b70770633d",
    "src/orchestrator/errors.ts:CancelledError": "4b3a122c7cd41e0c",
    "src/orchestrator/errors.ts:ValidationError": "0211a50364bad8a8",
    "src/orchestrator/errors.ts:isOrchestratorError": "fd28978ea65166b0",
    "src/orchestrator/errors.ts:isRetryableError": "e17e9252aacd5e9a",
    "src/orchestrator/errors.ts:getErrorMetrics": "021292a481fc7640",
    "src/orchestrator/core-orchestrator.ts:OrchestratorError": "d41c76ff08a9c159",
    "src/orchestrator/core-orchestrator.ts:OrchestratorStats": "d5d544950dfcabb3",
    "src/orchestrator/core-orchestrator.ts:CoreOrchestrator": "2856f3e202d785e5",
    "src/orchestrator/types.ts:BranchName": "ac8174396db50cf5",
    "src/orchestrator/types.ts:EventType": "069d1b25b0e5d133",
    "src/orchestrator/types.ts:LogLevel": "b2332d7fffba4360",
    "src/orchestrator/types.ts:LogEntry": "60b10bd38619e8e3",
    "src/orchestrator/types.ts:LogMetadata": "cb445d8b5f84f8ec",
    "src/orchestrator/types.ts:BranchState": "631484df57fb9010",
    "src/orchestrator/types.ts:DebugBranch": "7b7b489587596b8d",
    "src/orchestrator/types.ts:BranchMetadata": "5d8f03c90718d53f",
    "src/orchestrator/types.ts:RoutingStrategy": "b5dc299421574668",
    "src/orchestrator/types.ts:BranchEvent": "c890408ca1b902d1",
    "src/orchestrator/types.ts:EventSubscription": "595faa4fe759c01f",
    "src/orchestrator/types.ts:EventHandler": "6dc2f03f06acbd75",
    "src/orchestrator/types.ts:OrchestratorConfig": "a233229ba5add81f",
    "src/orchestrator/types.ts:RoutingRule": "1491e0721ac97d0e",
    "src/orchestrator/types.ts:RoutingCondition": "486920f65c8e0d81",
    "src/orchestrator/types.ts:EventBusConfig": "b0f9a39fd7407f02",
    "src/orchestrator/types.ts:ErrorHandlingConfig": "5ec03eb7ba229a5b",
    "src/orchestrator/types.ts:createBranchName": "19efa979d0cee3b0",
    "src/orchestrator/types.ts:createEventType": "ed9d1eff260c7f03",
    "src/orchestrator/types.ts:BUILTIN_EVENTS": "67892bd3e1ec154b",
    "src/orchestrator/types.ts:BUILTIN_BRANCHES": "a15b9e93f0ce9410",
    "src/orchestrator/branch-registry.ts:BranchRegistryConfig": "609c5ff5ace46001",
    "src/orchestrator/branch-registry.ts:BranchRegistryError": "a1fa227111d5b406",
    "src/orchestrator/branch-registry.ts:BranchRegistry": "a1fa227111d5b406",
    "src/orchestrator/routing-engine.ts:RoutingEngineError": "db9c9e7dbf3209e6",
    "src/orchestrator/routing-engine.ts:RoutingDecision": "4aa590c602f84af3",
    "src/orchestrator/routing-engine.ts:RoutingAnalytics": "f6e24de9ddac266b",
    "src/orchestrator/routing-engine.ts:RoutingEngine": "db9c9e7dbf3209e6",
    "src/orchestrator/event-bus.ts:EventBusError": "e1dc5b6800efc19d",
    "src/orchestrator/event-bus.ts:EventHistory": "b5ebb4cbbefeb5c4",
    "src/orchestrator/event-bus.ts:EventBus": "e1dc5b6800efc19d",
    "src/orchestrator/event-bus.ts:NamespacedEventBus": "7abbb9e14ae3b5b8",
    "src/orchestrator/config-manager.ts:ConfigurationError": "759cb303285c613e",
    "src/orchestrator/config-manager.ts:ConfigurationChangeEvent": "230974517b9dd642",
    "src/orchestrator/config-manager.ts:CircuitBreakerState": "39563f66a176e011",
    "src/orchestrator/config-manager.ts:HealthMetrics": "05905a6681b8ae7e",
    "src/orchestrator/config-manager.ts:BranchHealthMetrics": "c86f753e97c9935a",
    "src/orchestrator/config-manager.ts:OrchestratorHealthMetrics": "0c21b13bd3e7e7a6",
    "src/orchestrator/config-manager.ts:ConfigurationManager": "c1020a7dc49205c3"
  },
  "adapters": [],
  "events": {},
  "metadata": {
    "totalExports": 52,
    "typeCount": 0,
    "eventCount": 0,
    "adapterCount": 0
  }
}